chembl_id,label,pchembl,heavy_atoms,best_score,top_pose_label,primary_sulfonamide
CHEMBL4639231,weak,4.23,38,-9.827,STRONG,0
CHEMBL4800519,weak,4.35,37,-9.506,STRONG,0
CHEMBL4097972,active,9.295,32,-9.211,STRONG,0
CHEMBL4634778,weak,4.13,34,-9.105,STRONG,0
CHEMBL4867997,weak,4.67,27,-8.926,STRONG,0
CHEMBL5557106,weak,4.83,33,-8.736,STRONG,0
CHEMBL6169299,active,7.08,33,-8.651,STRONG,1
CHEMBL3758388,active,8.49,24,-8.645,MODERATE,1
CHEMBL4649780,weak,4.34,33,-8.603,STRONG,0
CHEMBL4098299,active,8.26,33,-8.552,STRONG,1
CHEMBL6170315,active,7.19,37,-8.298,STRONG,1
CHEMBL2407318,active,8.72,23,-8.29,STRONG,0
CHEMBL4174859,weak,4.85,31,-8.286,STRONG,0
CHEMBL4438066,weak,4.11,32,-8.175,MODERATE,0
CHEMBL4458581,active,7.04,31,-8.157,MODERATE,1
CHEMBL5542165,weak,4.09,29,-8.102,STRONG,0
CHEMBL4639384,weak,5.0,23,-8.076,STRONG,0
CHEMBL4632577,weak,4.85,27,-8.067,STRONG,0
CHEMBL49974,active,7.37,26,-8.052,STRONG,1
CHEMBL3183703,weak,4.96,28,-8.026,STRONG,0
CHEMBL3104054,active,7.92,36,-8.004,MODERATE,1
CHEMBL4632570,weak,4.59,27,-8.0,STRONG,0
CHEMBL4799118,weak,4.33,33,-7.992,STRONG,0
CHEMBL6143639,active,8.4,28,-7.988,MODERATE,1
CHEMBL3809698,active,8.26,29,-7.966,MODERATE,1
CHEMBL4068548,weak,4.03,24,-7.937,STRONG,0
CHEMBL351044,active,7.52,25,-7.918,MODERATE,1
CHEMBL69149,active,8.82,24,-7.912,MODERATE,1
CHEMBL4866233,weak,4.49,28,-7.854,STRONG,0
CHEMBL361955,active,7.75,28,-7.853,MODERATE,1
CHEMBL4557855,active,8.16,27,-7.851,STRONG,1
CHEMBL4854220,weak,4.58,28,-7.816,STRONG,0
CHEMBL152089,active,7.77,25,-7.77,STRONG,1
CHEMBL410328,weak,4.3,24,-7.768,STRONG,0
CHEMBL5190331,active,7.54,39,-7.723,MODERATE,0
CHEMBL5556085,weak,4.28,25,-7.707,MODERATE,1
CHEMBL4854547,weak,4.1,26,-7.707,STRONG,0
CHEMBL4639123,active,9.08,27,-7.67,STRONG,1
CHEMBL1271573,weak,4.0,29,-7.613,MODERATE,1
CHEMBL3110146,weak,4.55,16,-7.611,STRONG,0
CHEMBL4169677,active,8.11,28,-7.598,STRONG,1
CHEMBL4072049,active,7.04,25,-7.594,MODERATE,1
CHEMBL5567061,active,7.0,33,-7.514,MODERATE,0
CHEMBL3632841,active,7.2,27,-7.506,MODERATE,1
CHEMBL6152685,weak,4.38,22,-7.491,MODERATE,0
CHEMBL4634457,weak,4.17,27,-7.488,MODERATE,0
CHEMBL145781,weak,4.3,19,-7.486,MODERATE,0
CHEMBL4877370,weak,4.8,23,-7.481,STRONG,0
CHEMBL5203094,active,8.29,24,-7.476,STRONG,1
CHEMBL5088762,weak,4.14,22,-7.407,MODERATE,0
CHEMBL4877281,active,9.15,28,-7.325,MODERATE,1
CHEMBL2377783,active,8.04,22,-7.279,MODERATE,1
CHEMBL2377786,active,8.64,22,-7.256,MODERATE,1
CHEMBL272877,active,8.115,26,-7.197,MODERATE,1
CHEMBL4642203,active,8.15,27,-7.175,MODERATE,1
CHEMBL1091073,active,7.13,39,-7.148,MODERATE,1
CHEMBL4856530,weak,4.5,22,-7.145,MODERATE,0
CHEMBL2333406,active,8.77,23,-7.138,STRONG,1
CHEMBL2333414,active,7.04,16,-7.107,MODERATE,1
CHEMBL4464493,active,7.25,23,-7.038,MODERATE,1
CHEMBL168447,weak,4.6,23,-7.008,MODERATE,0
CHEMBL2334353,weak,4.1,18,-6.993,MODERATE,0
CHEMBL342050,active,8.3,22,-6.952,MODERATE,1
CHEMBL206295,active,7.82,23,-6.946,MODERATE,1
CHEMBL3264981,active,7.95,24,-6.92,STRONG,1
CHEMBL2334350,weak,4.31,21,-6.855,STRONG,0
CHEMBL361066,active,8.22,22,-6.777,MODERATE,1
CHEMBL4860675,weak,5.0,17,-6.759,STRONG,1
CHEMBL5575633,weak,4.07,14,-6.711,STRONG,0
CHEMBL4567341,weak,4.28,26,-6.696,STRONG,0
CHEMBL177425,weak,4.7,22,-6.695,STRONG,0
CHEMBL2337133,active,7.42,29,-6.689,STRONG,1
CHEMBL193825,active,7.09,21,-6.684,STRONG,1
CHEMBL4783894,weak,4.11,15,-6.59,STRONG,0
CHEMBL511132,weak,4.39,26,-6.543,STRONG,0
CHEMBL315221,active,7.96,14,-6.503,STRONG,1
CHEMBL1085500,weak,4.33,18,-6.492,STRONG,0
CHEMBL3093009,weak,4.52,18,-6.465,MODERATE,0
CHEMBL4779437,weak,4.2,28,-6.463,STRONG,0
CHEMBL124224,active,7.5,18,-6.456,MODERATE,1
CHEMBL466841,weak,4.8,24,-6.456,STRONG,0
CHEMBL50446,active,7.1,18,-6.428,MODERATE,1
CHEMBL3608891,active,8.6,17,-6.396,MODERATE,1
CHEMBL222849,active,8.3,18,-6.368,STRONG,0
CHEMBL1288787,active,9.28,15,-6.318,STRONG,1
CHEMBL2016664,weak,4.23,21,-6.29,STRONG,0
CHEMBL85925,active,8.25,21,-6.277,MODERATE,1
CHEMBL4091363,active,8.05,19,-6.262,STRONG,0
CHEMBL4066391,weak,3.0,18,-6.257,STRONG,0
CHEMBL4549561,active,7.38,26,-6.256,STRONG,1
CHEMBL2040866,weak,4.11,39,-6.179,STRONG,0
CHEMBL123599,active,8.52,22,-6.018,STRONG,0
CHEMBL469148,weak,4.95,25,-5.847,WEAK,0
CHEMBL13851,active,7.32,18,-5.835,WEAK,1
CHEMBL374829,weak,4.67,23,-5.675,WEAK,0
CHEMBL466842,weak,4.97,25,-5.549,WEAK,0
CHEMBL464987,weak,4.67,22,-5.06,WEAK,0
CHEMBL517222,weak,4.92,24,-4.691,MODERATE,0
