chembl_id	label	pchembl	heavy_atoms	smiles
CHEMBL5174315	active	9.15	40	CC(F)(F)c1cc(Cl)ccc1-c1sc2c(ccc3[nH]ncc32)c1Oc1ccc(O[C@@H]2CCN(CCCF)C2)cc1
CHEMBL193146	active	7.4	20	Oc1ccc(-c2cc(F)c3c(Cl)c(O)ccc3c2)cc1
CHEMBL1088343	active	8.24	37	COc1ccc2c(c1)OCCC1=C2[C@@H](c2ccc(OCCN3CCCCC3)cc2)Oc2cc(O)ccc21
CHEMBL5798590	active	8.1	38	COc1cc(NC2CN(CCCF)C2)ccc1[C@@H]1c2ccc3[nH]ncc3c2C[C@@H](C)N1CC1(CF)COC1
CHEMBL3645265	active	8.15	25	Cc1cccc(C(=O)N(c2ccc(O)cc2)c2ccc(O)cc2)c1C
CHEMBL3581640	active	7.85	30	CC/C(=C(/c1ccc(/C=C/C(=O)O)cc1)c1ccc2[nH]nnc2c1)c1ccccc1
CHEMBL3350384	active	7.57	27	CCC(=C(c1ccc(O)cc1)c1ccc(OCCN)cc1)c1ccccc1
CHEMBL214972	active	7.1	29	O=C1CCC2(Cc3ccccc3)Cc3cc(O)ccc3C2=C1c1ccc(O)cc1
CHEMBL5793901	active	9.25	34	C[C@@H]1Cc2c([nH]c3ccccc23)[C@@H](c2ccc(OCCNCCCF)cc2F)N1CC(C)(F)F
CHEMBL191716	active	7.04	20	Oc1ccc2cc(-c3cc(F)c(O)c(F)c3)ccc2c1
CHEMBL5421791	active	9.18	36	C[C@@H]1Cc2c([nH]c3ccccc23)[C@@H](c2c(F)ccc(OCCNCCCF)c2F)N1CC(F)(F)CO
CHEMBL5797953	active	8.24	35	COc1cc(OC2CN(CCCF)C2)ccc1[C@@H]1c2ccc3[nH]ncc3c2C[C@@H](C)N1CC(F)F
CHEMBL5988661	active	7.215	31	C[C@@H](O)c1ccccc1-c1sc2cc(O)ccc2c1Oc1ccc(/C=C/C(=O)O)cc1
CHEMBL4744609	active	8.24	32	CC/C(=C(/c1ccc(/C=C/C(=O)O)cc1)c1cc2ccccc2[nH]1)c1ccc(F)cc1Cl
CHEMBL184431	active	8.66	35	OCC1CCN(CCOc2ccc([C@@H]3Oc4ccc(O)cc4S[C@@H]3c3ccc(O)cc3)cc2)CC1
CHEMBL4860671	active	9.8	38	C[C@@H]1Cc2c([nH]c3ccccc23)[C@@H](c2c(F)cc(NC(=O)CN3CC(CF)C3)cc2F)N1CC(F)(F)CO
CHEMBL4228649	active	7.85	30	O=C(O)/C=C/c1ccc(C2=C(c3ccc(O)cc3)CCOc3cc(F)ccc32)cc1
CHEMBL1201151	active	7.75	23	C#C[C@]1(O)CC[C@H]2[C@@H]3CCc4cc(OC)ccc4[C@H]3CC[C@@]21C
CHEMBL1098709	active	7.68	37	CCOC(=O)C1(C(C)=O)Cc2ccc([C@]3(O)CC[C@H]4[C@@H]5CCc6cc(O)ccc6[C@H]5CC[C@@]43C)cc2C1
CHEMBL186598	active	7.89	22	CCCc1cc(-c2noc3cc(O)ccc23)c(CC)cc1O
CHEMBL3290288	active	8.52	29	CNCCOc1ccc(C2=C(c3ccccc3)CCCc3cc(O)ccc32)cc1
CHEMBL3425530	active	7.25	36	Cc1cc2c(Cc3ccc(/C=C/C(=O)O)cc3)c(-c3ccc(OC(F)(F)F)cc3)c(=O)oc2cc1O
CHEMBL4553545	active	7.35	20	O=S(=O)(Nc1ccc2cc[nH]c2c1)c1ccc(Cl)cc1
CHEMBL489183	active	7.26	37	CCCCCCCCc1cc2cc(O)ccc2c(Oc2ccc(/C=C/C(=O)O)cc2)c1-c1ccccc1
CHEMBL1088485	active	8.96	36	Oc1ccc2c(c1)O[C@H](c1ccc(OCCN3CCCCC3)cc1)C1=C2CCOc2cc(O)ccc21
CHEMBL4763079	active	8.6	33	C[C@@H]1Cc2c(ccc3[nH]ncc23)[C@@H](c2ccc(OCCN3CC(CF)C3)cn2)N1CC(F)F
CHEMBL316132	active	8.12	33	Oc1ccc2c(c1)S[C@H](C1CCCCCC1)[C@H](c1ccc(OCCN3CCCCC3)cc1)O2
CHEMBL5767004	active	9.0	37	CC(C)(F)CN1C(c2c(F)cc(OCCN3CC(CF)C3)cc2F)c2ccc3[nH]ncc3c2CC1(C)C
CHEMBL5190953	active	8.925	39	CC(C)(F)c1cc(F)ccc1-c1sc2c(ccc3[nH]ncc32)c1Oc1ccc(NC2CN(CCCF)C2)cc1
CHEMBL5751190	active	7.03	36	CCc1ccccc1C1=C(c2ccc(O[C@H]3CCN(CCCF)C3)cc2)c2ccc(O)cc2CCC1
CHEMBL4225680	active	7.24	36	CN1CCN(C(=O)/C=C/c2ccc(C3=C(c4ccc(O)cc4)CCOc4cc(F)ccc43)cc2)CC1
CHEMBL330307	active	7.61	35	Cc1ccc(S(=O)(=O)N2CCc3cc(O)ccc3C2c2ccc(OCCN3CCCC3)cc2)cc1
CHEMBL4442838	active	9.1	37	COc1ccc(/C(=C(\c2ccc(/C=C/C(=O)O)cc2)c2ccc(-c3cncs3)cc2)C2CCC2)c(Cl)c1
CHEMBL485712	active	8.0	24	C#CCN1C=NC(c2ccc(O)cc2Cl)C1c1ccc(O)cc1Cl
CHEMBL3645271	active	7.82	25	Cc1c(F)cccc1C(=O)N(c1ccc(O)cc1)c1ccc(O)cc1
CHEMBL5880788	active	8.81	35	Cc1ccc2c(c1)OC(c1ccc(OCCN3CC(CF)C3)cc1)c1c-2cnc2cc(O)ccc12
CHEMBL5959063	active	9.28	38	CC(C)(F)CN1[C@H](c2c(F)cc(OCCN3CC(CF)C3)cc2F)c2ccc3[nH]ncc3c2C[C@H]1C(F)F
CHEMBL1082528	active	8.3	37	Oc1ccc2c(c1)OCCC1=C2[C@H](c2ccc(OCCN3CCCCCC3)cc2)Oc2cc(F)ccc21
CHEMBL5815506	active	8.24	35	Oc1ccc2c3c(cnc2c1)-c1cccc(F)c1O[C@H]3c1ccc(OCCN2CC(CF)C2)cc1
CHEMBL5876525	active	7.11	38	COc1cc(F)c(C2=C(c3ccc(O[C@H]4CCN(CCCF)C4)cc3)c3ccc(O)cc3CCC2)cc1F
CHEMBL234524	active	7.08	19	O=C1c2ccc(O)cc2C(=O)N1c1ccc(O)cc1
CHEMBL5743949	active	7.58	37	Oc1ccc2c(c1)CCCC(c1ccc3cc[nH]c3c1)=C2c1ccc(O[C@H]2CCN(CCCF)C2)cc1
CHEMBL4228923	active	7.17	34	O=C(/C=C/c1ccc(C2=C(c3ccc(O)cc3)CCOc3cc(F)ccc32)cc1)N1CCCC1
CHEMBL385801	active	7.4	21	CCCCn1nc(-c2ccc(O)cc2)c2cccc(Cl)c21
CHEMBL226379	active	7.45	36	Oc1ccc2c(Oc3ccc(OCCN4CCCCC4)cc3)c(-c3ccc(NCCCl)cc3)sc2c1
CHEMBL328810	active	8.035	34	CC1(c2ccc(OCCN3CCCCCC3)cc2)c2ccc(O)cc2CCN1c1ccccc1
CHEMBL6165805	active	7.4	25	O=C(c1ccc(Cl)cc1)c1c(-c2ccc(O)cc2)sc2ccccc12
CHEMBL5820589	active	8.17	33	C[C@@H]1Cc2c(ccc3[nH]ncc23)[C@@H](c2ccc(OC3CN(CCCF)C3)cn2)N1CC(F)F
CHEMBL383112	active	7.0	31	CN(C)CCOc1ccc(/C(=C(/CCCCl)c2ccccc2)c2ccc(O)cc2)cc1
CHEMBL185480	active	8.7	37	Oc1ccc([C@H]2Sc3cc(O)ccc3O[C@H]2c2ccc(OCCN3CCC4(CC3)OCCO4)cc2)cc1
CHEMBL3827633	weak	4.45	40	COc1ccc2c(c1)C(=O)c1c-2n(-c2ccc(OCCCN3CCN(C)CC3)cc2)c(=O)c2cc(OC)ccc12
CHEMBL438443	weak	5.0	20	COc1cc2c(=O)oc3c(C)c(O)ccc3c2cc1Br
CHEMBL3578276	weak	4.77	37	C[C@H](c1ccc(F)cc1)N1C(=O)O[C@](Cc2ccccc2)(c2nc3cc(NS(C)(=O)=O)ccc3[nH]2)C1=O
CHEMBL3827034	weak	4.6	38	COc1ccc2c(c1)C(=O)c1c-2n(-c2ccc(OCCN3CCCCC3)cc2)c(=O)c2cc(OC)ccc12
CHEMBL1543264	weak	4.65	25	CSc1nnc2c(n1)OC(c1ccsc1)N(C(C)=O)c1ccccc1-2
CHEMBL1522044	weak	4.61	30	O=C1C2CC=C(Cl)CC2C(=O)N1CCCCCCN1C(=O)C2CC=C(Cl)CC2C1=O
CHEMBL473801	weak	4.58	27	C[C@@]1(C(=O)Nc2nccs2)CC2(C#N)c3ccccc3C1c1ccccc12
CHEMBL1460247	weak	4.9	29	CCOc1ccccc1-c1nc(-c2ccc(NC(=O)c3ccc(Br)o3)cc2)no1
CHEMBL4243517	weak	4.1	34	O=C(C1=C(O)C(=O)N(c2ccc(O)c(C(=O)O)c2)C1c1ccc([N+](=O)[O-])cc1)c1ccccc1
CHEMBL205398	weak	4.96	20	O=c1c2c(O)cc(O)cc2ncn1-c1ccc(O)cc1
CHEMBL4218272	weak	4.22	36	CC1(C)CC(=O)C2=C(C1)OC1=C(C(=O)CC(C)(C)C1)C2c1cc2ccccc2n1Cc1ccccc1
CHEMBL1345810	weak	4.66	35	COc1cc2cc(C(c3nnnn3C3CCCC3)N3CCc4ccccc43)c(O)nc2cc1OC
CHEMBL1313988	weak	4.89	31	COc1cc(NC(=O)c2cc3c(=O)n(C)c4ccccc4c3n2C)cc(OC)c1OC
CHEMBL1491959	weak	4.58	32	CCc1ccc2nc(O)c(CN(Cc3ccc4c(c3)OCO4)C(=O)c3ccco3)cc2c1
CHEMBL1434961	weak	4.37	35	O=C(CCCCCn1c(=S)[nH]c2ccccc2c1=O)N1CCN(c2ccc(C(F)(F)F)cc2)CC1
CHEMBL3827286	weak	4.39	38	COc1ccc2c(c1)C(=O)c1c-2n(-c2ccc(OCCCN3CCCC3)cc2)c(=O)c2cc(OC)ccc12
CHEMBL1536373	weak	4.6	30	Cn1c(SCc2cc(=O)n3cc(Br)ccc3n2)nnc1C1COc2ccccc2O1
CHEMBL1464608	weak	4.89	23	O=C(Nc1cccnc1)c1cc(-c2ccc3c(c2)OCO3)on1
CHEMBL2407647	weak	4.77	37	COc1cc(CNC(=O)[C@@]2(Cc3ccccc3)OC(=O)N([C@@H]3CCc4ccccc43)C2=O)cc(OC)c1
CHEMBL1458873	weak	4.83	22	CCN(CC)c1ccc2c(c1)oc(=O)c1c(Cl)cc(=O)oc12
CHEMBL1386105	weak	4.42	29	COC(=O)c1ccc(CSc2nc(O)c3cnn(-c4ccc(C)c(C)c4)c3n2)o1
CHEMBL1612880	weak	4.83	36	CCOc1cc(N2CCOCC2)c(OCC)cc1NC(=O)c1cc(-c2ccco2)nc2ccccc12
CHEMBL202996	weak	4.25	20	Oc1ccc(-c2coc3cc(O)cc(O)c3c2=S)cc1
CHEMBL1420411	weak	4.91	37	COc1ccc(C2CC(c3c(O)nc4ccc(Cl)cc4c3-c3ccccc3)=NN2S(C)(=O)=O)cc1OC
CHEMBL6166664	weak	4.48	36	O=C1c2[nH]nc(-c3ccc(Br)cc3)c2C(c2ccc([N+](=O)[O-])cc2)N1c1cccc(-c2nnn[nH]2)c1
CHEMBL1464070	weak	4.94	33	CCOC(=O)N1CCN(S(=O)(=O)c2ccc(C(=O)Nc3nc4ccc(F)cc4s3)cc2)CC1
CHEMBL1477	weak	4.63	33	COCc1c(C(C)C)nc(C(C)C)c(/C=C/[C@@H](O)C[C@@H](O)CC(=O)O)c1-c1ccc(F)cc1
CHEMBL3827137	weak	4.73	37	CCN(CC)CCOc1ccc(-n2c3c(c4ccc(OC)cc4c2=O)C(=O)c2cc(OC)ccc2-3)cc1
CHEMBL3828117	weak	4.42	39	COc1ccc2c(c1)C(=O)c1c-2n(-c2ccc(OCCCN3CCCCC3)cc2)c(=O)c2cc(OC)ccc12
CHEMBL3828422	weak	4.41	36	COc1ccc2c(c1)C(=O)c1c-2n(-c2ccc(OCCCN(C)C)cc2)c(=O)c2cc(OC)ccc12
CHEMBL4243739	weak	4.495	36	C[C@]12CC[C@@H]3c4ccc(O)cc4CC[C@H]3[C@@H]1CC[C@@]2(O)C#CC(=O)OCC1CC#C/C=C\C#CCC1
CHEMBL1521410	weak	4.88	35	Cc1cccc2cc(C(c3nnnn3C(C)(C)C)N(Cc3ccco3)CC3CCCO3)c(O)nc12
CHEMBL5986059	weak	4.96	37	COc1cc(OC2CN(CCCF)C2)ccc1[C@@H]1c2ccc3[nH]ncc3c2C[C@@H](C)N1CC(F)(F)CO
CHEMBL1505467	weak	4.56	24	Cc1nc2cc(-c3ccsc3-n3c(C)ccc3C)nn2c(O)c1Cl
CHEMBL548	weak	4.64	25	CCCCC[C@H](O)/C=C/[C@H]1[C@H](O)CC(=O)[C@@H]1C/C=C\CCCC(=O)O
CHEMBL3786343	weak	4.54	35	C=CC(=O)Nc1cccc(Oc2nc(Nc3ccc(N4CCN(C)CC4)cc3)nc3ccsc23)c1
CHEMBL2103855	weak	4.77	38	Cc1ccn(-c2cc(Cl)ccc2[C@@H](Oc2cc(-c3ccc(C[C@H](N)C(=O)O)cc3)nc(N)n2)C(F)(F)F)n1
CHEMBL3828208	weak	4.97	37	CN1CCN(CCOc2ccc(-n3c4c(c5ccc(O)cc5c3=O)C(=O)c3cc(O)ccc3-4)cc2)CC1
CHEMBL4740172	weak	4.48	35	CC1=C(c2ccc(O)cc2)N(Cc2ccc(OCCN3CCCCCC3)cc2)C2C=CC(O)=CC12
CHEMBL3827193	weak	4.4	38	CCN(CC)CCCOc1ccc(-n2c3c(c4ccc(OC)cc4c2=O)C(=O)c2cc(OC)ccc2-3)cc1
CHEMBL577709	weak	4.74	19	Clc1ccc(Nc2nc(-c3ccncc3)cs2)cc1
CHEMBL3827692	weak	4.75	37	COc1ccc2c(c1)C(=O)c1c-2n(-c2ccc(OCCN3CCCC3)cc2)c(=O)c2cc(OC)ccc12
CHEMBL1446603	weak	4.82	34	COc1nnc(-c2ccc(C(=O)N3C[C@@H]4C[C@H](C3)c3cccc(=O)n3C4)cc2)c2ccccc12
CHEMBL1426947	weak	4.92	21	COc1ccc(N2Cc3cccc(C(=O)O)c3C2=O)cc1
CHEMBL3827200	weak	4.7	36	O=C1c2cc(O)ccc2-c2c1c1ccc(O)cc1c(=O)n2-c1ccc(OCCN2CCOCC2)cc1
CHEMBL2441819	weak	4.19	34	COc1cc(C(=O)CCc2cc3c(cc2OC)CC[C@@H]2[C@@H]3CC[C@]3(C)[C@@H](O)CC[C@@H]23)ccc1O
CHEMBL1353908	weak	4.73	25	O=C(Nc1nccs1)c1nc(-c2ccccc2)n(-c2ccccc2)n1
CHEMBL1608446	weak	4.89	33	COc1ccc(CCn2c(SCC(=O)Nc3cc(C)on3)nc3ccsc3c2=O)cc1OC
CHEMBL4637537	weak	4.39	31	CCOC(=O)C1=C(N)Oc2cc(O)ccc2C1c1ccc(OCc2ccccc2)cc1
CHEMBL4878120	weak	4.77	38	COc1ccc2cc(-c3ccc4c(c3)OCO4)n([C@H](COc3ccc([N+](=O)[O-])cc3)OC)c(=O)c2c1OC
